,entry_proc_U0,,status1.csv
,readAtTiles_U0,,status2.csv
,readBTiles_U0,,status3.csv
,computeTiles_U0,,status4.csv
,writeTiles_U0,,status5.csv
,AESL_inst_MM,,module_status1.csv
readAtTiles_U0,grp_readAtTiles_Pipeline_i_BLOCK_loop_j_BLOCK_loop_k_BLOCK_loop_k_loop_fu_78,,module_status2.csv
readBTiles_U0,grp_readBTiles_Pipeline_i_BLOCK_loop_j_BLOCK_loop_k_BLOCK_loop_k_loop_fu_78,,module_status3.csv
computeTiles_U0,grp_computeTiles_Pipeline_k_BLOCK_loop_k_loop_i_loop_fu_243,,module_status4.csv
computeTiles_U0,grp_computeTiles_Pipeline_j_output_loop_fu_284,,module_status5.csv
writeTiles_U0,grp_writeTiles_Pipeline_i_BLOCK_loop_j_BLOCK_loop_j_output_loop_fu_78,,module_status6.csv
